unified_id,canonical_name,brand_name,source_portal,source_count,shape,balance,level,year,inferred_year,year_inference_method,year_evidence,confidence,needs_web_verification,notes
racket-00131,Akkeron Andromeda A22 RC,akkeron,padelful,1,Round,,,,2022,akkeron_aYY_code_in_name,A22,medium,False,Inferred from product-name pattern only; verify against official/source page before importing.
racket-00132,Akkeron Armageddon Edition A22 RC,akkeron,padelful,1,Tear,,,,2022,akkeron_aYY_code_in_name,A22,medium,False,Inferred from product-name pattern only; verify against official/source page before importing.
racket-00133,Akkeron Athenea A22 RC,akkeron,padelful,1,Round,,,,2022,akkeron_aYY_code_in_name,A22,medium,False,Inferred from product-name pattern only; verify against official/source page before importing.
racket-00134,Akkeron Atlas Edition A22 RC,akkeron,padelful,1,Round,,,,2022,akkeron_aYY_code_in_name,A22,medium,False,Inferred from product-name pattern only; verify against official/source page before importing.
racket-00135,Akkeron Calypso A22 RC,akkeron,padelful,1,Round,,,,2022,akkeron_aYY_code_in_name,A22,medium,False,Inferred from product-name pattern only; verify against official/source page before importing.
racket-00136,Akkeron Fenix Edition A22 RC,akkeron,padelful,1,Diamond,,,,2022,akkeron_aYY_code_in_name,A22,medium,False,Inferred from product-name pattern only; verify against official/source page before importing.
racket-00137,Akkeron Furia A22 RC,akkeron,padelful,1,Tear,,,,2022,akkeron_aYY_code_in_name,A22,medium,False,Inferred from product-name pattern only; verify against official/source page before importing.
racket-00138,Akkeron Helios Edition A22 RC,akkeron,padelful,1,Tear,,,,2022,akkeron_aYY_code_in_name,A22,medium,False,Inferred from product-name pattern only; verify against official/source page before importing.
racket-00139,Akkeron Nexus A22 RC,akkeron,padelful,1,Tear,,,,2022,akkeron_aYY_code_in_name,A22,medium,False,Inferred from product-name pattern only; verify against official/source page before importing.
racket-00140,Akkeron Oro A22 RC,akkeron,padelful,1,Tear,,,,2022,akkeron_aYY_code_in_name,A22,medium,False,Inferred from product-name pattern only; verify against official/source page before importing.
racket-00141,Akkeron Oro España A22 RC,akkeron,padelful,1,Tear,,,,2022,akkeron_aYY_code_in_name,A22,medium,False,Inferred from product-name pattern only; verify against official/source page before importing.
racket-00142,Akkeron Oro Furia A22 RC,akkeron,padelful,1,Diamond,,,,2022,akkeron_aYY_code_in_name,A22,medium,False,Inferred from product-name pattern only; verify against official/source page before importing.
racket-00143,Akkeron Plata A22 RC,akkeron,padelful,1,Round,,,,2022,akkeron_aYY_code_in_name,A22,medium,False,Inferred from product-name pattern only; verify against official/source page before importing.
racket-00144,Akkeron Poseidon A22 RC,akkeron,padelful,1,Tear,,,,2022,akkeron_aYY_code_in_name,A22,medium,False,Inferred from product-name pattern only; verify against official/source page before importing.
racket-00145,Akkeron Vega A22 RC,akkeron,padelful,1,Diamond,,,,2022,akkeron_aYY_code_in_name,A22,medium,False,Inferred from product-name pattern only; verify against official/source page before importing.
racket-00146,Alkemia Lux 3.0,alkemia,padelful,1,Diamond,,,,not_inferable_from_name_without_web,,,True,Web lookup unavailable in this ChatGPT session; blank inferred_year requires external verification.
racket-00147,Cork Padel Supreme Power,cork-padel,padelful,1,Diamond,,,,not_inferable_from_name_without_web,,,True,Web lookup unavailable in this ChatGPT session; blank inferred_year requires external verification.
racket-00148,Drop Shot Allegra 1.0,drop-shot,padelful,1,Round,,,,not_inferable_from_name_without_web,,,True,Web lookup unavailable in this ChatGPT session; blank inferred_year requires external verification.
racket-00149,Drop Shot Allegra 2.0,drop-shot,padelful,1,Round,,,,not_inferable_from_name_without_web,,,True,Web lookup unavailable in this ChatGPT session; blank inferred_year requires external verification.
racket-00150,Drop Shot Axion Attack 1 LTD Jon Sanz,drop-shot,padelful,1,Diamond,,,,not_inferable_from_name_without_web,,,True,Web lookup unavailable in this ChatGPT session; blank inferred_year requires external verification.
racket-00151,Drop Shot Bronco,drop-shot,padelful,1,Diamond,,,,not_inferable_from_name_without_web,,,True,Web lookup unavailable in this ChatGPT session; blank inferred_year requires external verification.
racket-00152,Drop Shot Canyon Pro,drop-shot,padelful,1,Diamond,,,,not_inferable_from_name_without_web,,,True,Web lookup unavailable in this ChatGPT session; blank inferred_year requires external verification.
racket-00153,Drop Shot Canyon Soft,drop-shot,padelful,1,Round,,,,not_inferable_from_name_without_web,,,True,Web lookup unavailable in this ChatGPT session; blank inferred_year requires external verification.
racket-00154,Drop Shot Conqueror 10,drop-shot,padelful,1,Diamond,,,,not_inferable_from_name_without_web,,,True,Web lookup unavailable in this ChatGPT session; blank inferred_year requires external verification.
racket-00155,Drop Shot Conqueror 10 Soft,drop-shot,padelful,1,Diamond,,,,not_inferable_from_name_without_web,,,True,Web lookup unavailable in this ChatGPT session; blank inferred_year requires external verification.
racket-00156,Drop Shot Delta 2.0,drop-shot,padelful,1,Tear,,,,not_inferable_from_name_without_web,,,True,Web lookup unavailable in this ChatGPT session; blank inferred_year requires external verification.
racket-00157,Drop Shot Delta 3.0,drop-shot,padelful,1,Tear,,,,not_inferable_from_name_without_web,,,True,Web lookup unavailable in this ChatGPT session; blank inferred_year requires external verification.
racket-00158,Drop Shot Doppel,drop-shot,padelful,1,Tear,,,,not_inferable_from_name_without_web,,,True,Web lookup unavailable in this ChatGPT session; blank inferred_year requires external verification.
racket-00159,Drop Shot Essence 1.0,drop-shot,padelful,1,Round,,,,not_inferable_from_name_without_web,,,True,Web lookup unavailable in this ChatGPT session; blank inferred_year requires external verification.
racket-00160,Drop Shot Essence 2.0,drop-shot,padelful,1,Round,,,,not_inferable_from_name_without_web,,,True,Web lookup unavailable in this ChatGPT session; blank inferred_year requires external verification.
racket-00161,Drop Shot Explorer 6.0,drop-shot,padelful,1,Tear,,,,not_inferable_from_name_without_web,,,True,Web lookup unavailable in this ChatGPT session; blank inferred_year requires external verification.
racket-00162,Drop Shot Explorer Pro 5.0,drop-shot,padelful,1,Diamond,,,,not_inferable_from_name_without_web,,,True,Web lookup unavailable in this ChatGPT session; blank inferred_year requires external verification.
racket-00163,Drop Shot Ionic,drop-shot,padelful,1,Tear,,,,not_inferable_from_name_without_web,,,True,Web lookup unavailable in this ChatGPT session; blank inferred_year requires external verification.
racket-00164,Drop Shot Kibo 4.0,drop-shot,padelful,1,Tear,,,,not_inferable_from_name_without_web,,,True,Web lookup unavailable in this ChatGPT session; blank inferred_year requires external verification.
racket-00165,Drop Shot Legend 3.0,drop-shot,padelful,1,Diamond,,,,not_inferable_from_name_without_web,,,True,Web lookup unavailable in this ChatGPT session; blank inferred_year requires external verification.
racket-00166,Drop Shot Legend 4.0,drop-shot,padelful,1,Diamond,,,,not_inferable_from_name_without_web,,,True,Web lookup unavailable in this ChatGPT session; blank inferred_year requires external verification.
racket-00167,Drop Shot Power 2.0,drop-shot,padelful,1,Diamond,,,,not_inferable_from_name_without_web,,,True,Web lookup unavailable in this ChatGPT session; blank inferred_year requires external verification.
racket-00168,Drop Shot Premium 2.0,drop-shot,padelful,1,Diamond,,,,not_inferable_from_name_without_web,,,True,Web lookup unavailable in this ChatGPT session; blank inferred_year requires external verification.
racket-00169,Drop Shot Premium 3.0,drop-shot,padelful,1,Diamond,,,,not_inferable_from_name_without_web,,,True,Web lookup unavailable in this ChatGPT session; blank inferred_year requires external verification.
racket-00170,Drop Shot Quantum,drop-shot,padelful,1,Diamond,,,,not_inferable_from_name_without_web,,,True,Web lookup unavailable in this ChatGPT session; blank inferred_year requires external verification.
racket-00171,Drop Shot Spark,drop-shot,padelful,1,Round,,,,not_inferable_from_name_without_web,,,True,Web lookup unavailable in this ChatGPT session; blank inferred_year requires external verification.
racket-00172,Drop Shot Stage Pro,drop-shot,padelful,1,Tear,,,,not_inferable_from_name_without_web,,,True,Web lookup unavailable in this ChatGPT session; blank inferred_year requires external verification.
racket-00173,Drop Shot Tiger 2.0,drop-shot,padelful,1,Tear,,,,not_inferable_from_name_without_web,,,True,Web lookup unavailable in this ChatGPT session; blank inferred_year requires external verification.
racket-00174,Drop Shot Tracker,drop-shot,padelful,1,Tear,,,,not_inferable_from_name_without_web,,,True,Web lookup unavailable in this ChatGPT session; blank inferred_year requires external verification.
racket-00175,Drop Shot X-Celerator 1.0,drop-shot,padelful,1,Diamond,,,,not_inferable_from_name_without_web,,,True,Web lookup unavailable in this ChatGPT session; blank inferred_year requires external verification.
racket-00176,Drop Shot Yukon Pro 1.0,drop-shot,padelful,1,Diamond,,,,not_inferable_from_name_without_web,,,True,Web lookup unavailable in this ChatGPT session; blank inferred_year requires external verification.
racket-00177,Drop Shot Yukon Pro 2.0,drop-shot,padelful,1,Diamond,,,,not_inferable_from_name_without_web,,,True,Web lookup unavailable in this ChatGPT session; blank inferred_year requires external verification.
racket-00178,Dunlop Rapid Power 3.0,dunlop,padelful,1,Diamond,,,,not_inferable_from_name_without_web,,,True,Web lookup unavailable in this ChatGPT session; blank inferred_year requires external verification.
racket-00179,GRANDCOW GC-35-L,grandcow,padelful,1,Tear,,,,not_inferable_from_name_without_web,,,True,Web lookup unavailable in this ChatGPT session; blank inferred_year requires external verification.
racket-00180,Head Graphene 360 Alpha Pro,head,padelful,1,Diamond,,,,not_inferable_from_name_without_web,,,True,Web lookup unavailable in this ChatGPT session; blank inferred_year requires external verification.
racket-00181,Kombat Apache Ice 18K,kombat,padelful,1,Tear,,,,not_inferable_from_name_without_web,,,True,Web lookup unavailable in this ChatGPT session; blank inferred_year requires external verification.
racket-00182,Kombat Black 18K,kombat,padelful,1,Diamond,,,,not_inferable_from_name_without_web,,,True,Web lookup unavailable in this ChatGPT session; blank inferred_year requires external verification.
racket-00183,Kombat Black Limited Edition,kombat,padelful,1,Tear,,,,not_inferable_from_name_without_web,,,True,Web lookup unavailable in this ChatGPT session; blank inferred_year requires external verification.
racket-00184,Kombat Delta Force 18K,kombat,padelful,1,Diamond,,,,not_inferable_from_name_without_web,,,True,Web lookup unavailable in this ChatGPT session; blank inferred_year requires external verification.
racket-00185,Kombat GEO,kombat,padelful,1,Tear,,,,not_inferable_from_name_without_web,,,True,Web lookup unavailable in this ChatGPT session; blank inferred_year requires external verification.
racket-00186,Kombat Hunter 3K,kombat,padelful,1,Tear,,,,not_inferable_from_name_without_web,,,True,Web lookup unavailable in this ChatGPT session; blank inferred_year requires external verification.
racket-00187,Kombat IA-63 Pampa,kombat,padelful,1,Tear,,,,not_inferable_from_name_without_web,,,True,Web lookup unavailable in this ChatGPT session; blank inferred_year requires external verification.
racket-00188,Kombat Magnum,kombat,padelful,1,Round,,,,not_inferable_from_name_without_web,,,True,Web lookup unavailable in this ChatGPT session; blank inferred_year requires external verification.
racket-00189,Kombat Navy Seal 18K,kombat,padelful,1,Tear,,,,not_inferable_from_name_without_web,,,True,Web lookup unavailable in this ChatGPT session; blank inferred_year requires external verification.
racket-00190,Kombat SAS Attack II,kombat,padelful,1,Diamond,,,,not_inferable_from_name_without_web,,,True,Web lookup unavailable in this ChatGPT session; blank inferred_year requires external verification.
racket-00191,Kombat SAS Control II,kombat,padelful,1,Round,,,,not_inferable_from_name_without_web,,,True,Web lookup unavailable in this ChatGPT session; blank inferred_year requires external verification.
racket-00192,Kombat SWAT Blue Carbon 18K,kombat,padelful,1,Diamond,,,,not_inferable_from_name_without_web,,,True,Web lookup unavailable in this ChatGPT session; blank inferred_year requires external verification.
racket-00193,Kombat SWAT Limited Edition,kombat,padelful,1,Diamond,,,,not_inferable_from_name_without_web,,,True,Web lookup unavailable in this ChatGPT session; blank inferred_year requires external verification.
racket-00194,Kombat Troya Ajax,kombat,padelful,1,Tear,,,,not_inferable_from_name_without_web,,,True,Web lookup unavailable in this ChatGPT session; blank inferred_year requires external verification.
racket-00195,Kombat Troya Aquiles,kombat,padelful,1,Tear,,,,not_inferable_from_name_without_web,,,True,Web lookup unavailable in this ChatGPT session; blank inferred_year requires external verification.
racket-00196,Kombat Troya Ulises,kombat,padelful,1,Tear,,,,not_inferable_from_name_without_web,,,True,Web lookup unavailable in this ChatGPT session; blank inferred_year requires external verification.
racket-00197,Kuikma PR190 Naranja,kuikma,padelful,1,Round,,,,not_inferable_from_name_without_web,,,True,Web lookup unavailable in this ChatGPT session; blank inferred_year requires external verification.
racket-00198,Kuikma PR190 Verde,kuikma,padelful,1,Round,,,,not_inferable_from_name_without_web,,,True,Web lookup unavailable in this ChatGPT session; blank inferred_year requires external verification.
racket-00199,Kuikma PR500 Amarilla,kuikma,padelful,1,Round,,,,not_inferable_from_name_without_web,,,True,Web lookup unavailable in this ChatGPT session; blank inferred_year requires external verification.
racket-00200,Kuikma PR500 Naranja,kuikma,padelful,1,Round,,,,not_inferable_from_name_without_web,,,True,Web lookup unavailable in this ChatGPT session; blank inferred_year requires external verification.
racket-00201,Kuikma PR510,kuikma,padelful,1,Round,,,,not_inferable_from_name_without_web,,,True,Web lookup unavailable in this ChatGPT session; blank inferred_year requires external verification.
racket-00202,Kuikma PR530 Negro Azul,kuikma,padelful,1,Round,,,,not_inferable_from_name_without_web,,,True,Web lookup unavailable in this ChatGPT session; blank inferred_year requires external verification.
racket-00203,Kuikma PR560 Azul Verde,kuikma,padelful,1,Diamond,,,,not_inferable_from_name_without_web,,,True,Web lookup unavailable in this ChatGPT session; blank inferred_year requires external verification.
racket-00204,Kuikma PR560 Negra Naranja,kuikma,padelful,1,Diamond,,,,not_inferable_from_name_without_web,,,True,Web lookup unavailable in this ChatGPT session; blank inferred_year requires external verification.
racket-00205,Kuikma PR590,kuikma,padelful,1,Diamond,,,,not_inferable_from_name_without_web,,,True,Web lookup unavailable in this ChatGPT session; blank inferred_year requires external verification.
racket-00206,Kuikma PR990 Hybrid Hard,kuikma,padelful,1,Tear,,,,not_inferable_from_name_without_web,,,True,Web lookup unavailable in this ChatGPT session; blank inferred_year requires external verification.
racket-00207,Kuikma PR990 Hybrid Soft,kuikma,padelful,1,Tear,,,,not_inferable_from_name_without_web,,,True,Web lookup unavailable in this ChatGPT session; blank inferred_year requires external verification.
racket-00208,Kuikma PR990 Hybrid Soft Rosa,kuikma,padelful,1,Tear,,,,not_inferable_from_name_without_web,,,True,Web lookup unavailable in this ChatGPT session; blank inferred_year requires external verification.
racket-00209,Kuikma PR990 Power Hard,kuikma,padelful,1,Diamond,,,,not_inferable_from_name_without_web,,,True,Web lookup unavailable in this ChatGPT session; blank inferred_year requires external verification.
racket-00210,Kuikma PR990 Power Soft,kuikma,padelful,1,Diamond,,,,not_inferable_from_name_without_web,,,True,Web lookup unavailable in this ChatGPT session; blank inferred_year requires external verification.
racket-00211,Kuikma PR990 Precision Hard,kuikma,padelful,1,Round,,,,not_inferable_from_name_without_web,,,True,Web lookup unavailable in this ChatGPT session; blank inferred_year requires external verification.
racket-00212,Kuikma PR990 Precision Soft,kuikma,padelful,1,Round,,,,not_inferable_from_name_without_web,,,True,Web lookup unavailable in this ChatGPT session; blank inferred_year requires external verification.
racket-00213,Nox AT10 Luxury Genius Arena,nox,padelful,1,Tear,,,,not_inferable_from_name_without_web,,,True,Web lookup unavailable in this ChatGPT session; blank inferred_year requires external verification.
racket-00214,Nox AT10 Luxury Genius Hard,nox,padelful,1,Tear,,,,not_inferable_from_name_without_web,,,True,Web lookup unavailable in this ChatGPT session; blank inferred_year requires external verification.
racket-00215,Nox MM2 Pro by Manu Martin,nox,padelful,1,Diamond,,,,not_inferable_from_name_without_web,,,True,Web lookup unavailable in this ChatGPT session; blank inferred_year requires external verification.
racket-00216,Ocho Padel Ampurias,ocho-padel,padelful,1,Round,,,,not_inferable_from_name_without_web,,,True,Web lookup unavailable in this ChatGPT session; blank inferred_year requires external verification.
racket-00217,Ocho Padel Ibera,ocho-padel,padelful,1,Round,,,,not_inferable_from_name_without_web,,,True,Web lookup unavailable in this ChatGPT session; blank inferred_year requires external verification.
racket-00218,Ocho Padel Joker Green 3K,ocho-padel,padelful,1,Tear,,,,not_inferable_from_name_without_web,,,True,Web lookup unavailable in this ChatGPT session; blank inferred_year requires external verification.
racket-00219,Ocho Padel Joker Roja 3K,ocho-padel,padelful,1,Tear,,,,not_inferable_from_name_without_web,,,True,Web lookup unavailable in this ChatGPT session; blank inferred_year requires external verification.
racket-00220,Ocho Padel Mayerit,ocho-padel,padelful,1,Round,,,,not_inferable_from_name_without_web,,,True,Web lookup unavailable in this ChatGPT session; blank inferred_year requires external verification.
racket-00221,Ocho Padel Myrtea Excellence Blue Sea,ocho-padel,padelful,1,Round,,,,not_inferable_from_name_without_web,,,True,Web lookup unavailable in this ChatGPT session; blank inferred_year requires external verification.
racket-00222,Ocho Padel Myrtea Excellence Earth Green,ocho-padel,padelful,1,Round,,,,not_inferable_from_name_without_web,,,True,Web lookup unavailable in this ChatGPT session; blank inferred_year requires external verification.
racket-00223,Ocho Padel Myrtea Luxury,ocho-padel,padelful,1,Tear,,,,not_inferable_from_name_without_web,,,True,Web lookup unavailable in this ChatGPT session; blank inferred_year requires external verification.
racket-00224,Ocho Padel XCT,ocho-padel,padelful,1,Diamond,,,,not_inferable_from_name_without_web,,,True,Web lookup unavailable in this ChatGPT session; blank inferred_year requires external verification.
racket-00225,Oxdog Ultimate Pro Plus Classics Series,oxdog,padelful,1,Diamond,,,,not_inferable_from_name_without_web,,,True,Web lookup unavailable in this ChatGPT session; blank inferred_year requires external verification.
racket-00226,Royal Padel RP790 Whip,royal-padel,padelful,1,Tear,,,,not_inferable_from_name_without_web,,,True,Web lookup unavailable in this ChatGPT session; blank inferred_year requires external verification.
racket-00227,Siux Adrenaline Ibai Edition,siux,padelful,1,Tear,,,,not_inferable_from_name_without_web,,,True,Web lookup unavailable in this ChatGPT session; blank inferred_year requires external verification.
racket-00228,Siux Alaris,siux,padelful,1,Tear,,,,not_inferable_from_name_without_web,,,True,Web lookup unavailable in this ChatGPT session; blank inferred_year requires external verification.
racket-00229,Siux Astra 2.0 Attack,siux,padelful,1,Diamond,,,,not_inferable_from_name_without_web,,,True,Web lookup unavailable in this ChatGPT session; blank inferred_year requires external verification.
racket-00230,Siux Astra 2.0 Control,siux,padelful,1,Round,,,,not_inferable_from_name_without_web,,,True,Web lookup unavailable in this ChatGPT session; blank inferred_year requires external verification.
racket-00231,Siux Astra 2.0 Hybrid,siux,padelful,1,Tear,,,,not_inferable_from_name_without_web,,,True,Web lookup unavailable in this ChatGPT session; blank inferred_year requires external verification.
racket-00232,Siux Astra 3.0,siux,padelful,1,Diamond,,,,not_inferable_from_name_without_web,,,True,Web lookup unavailable in this ChatGPT session; blank inferred_year requires external verification.
racket-00233,Siux Bat Pro 3.0,siux,padelful,1,Tear,,,,not_inferable_from_name_without_web,,,True,Web lookup unavailable in this ChatGPT session; blank inferred_year requires external verification.
racket-00234,Siux Black Carbon 3D Brillo Arenosa,siux,padelful,1,Diamond,,,,not_inferable_from_name_without_web,,,True,Web lookup unavailable in this ChatGPT session; blank inferred_year requires external verification.
racket-00235,Siux Black Carbon 3D Effect Brillo,siux,padelful,1,Diamond,,,,not_inferable_from_name_without_web,,,True,Web lookup unavailable in this ChatGPT session; blank inferred_year requires external verification.
racket-00236,Siux Black Carbon 3D Effect Mate,siux,padelful,1,Diamond,,,,not_inferable_from_name_without_web,,,True,Web lookup unavailable in this ChatGPT session; blank inferred_year requires external verification.
racket-00237,Siux Black Carbon Revolution 12K,siux,padelful,1,Diamond,,,,not_inferable_from_name_without_web,,,True,Web lookup unavailable in this ChatGPT session; blank inferred_year requires external verification.
racket-00238,Siux Black Carbon Revolution 2,siux,padelful,1,Tear,,,,not_inferable_from_name_without_web,,,True,Web lookup unavailable in this ChatGPT session; blank inferred_year requires external verification.
racket-00239,Siux Black Carbon Revolution 3K,siux,padelful,1,Diamond,,,,not_inferable_from_name_without_web,,,True,Web lookup unavailable in this ChatGPT session; blank inferred_year requires external verification.
racket-00240,Siux Diablo Black,siux,padelful,1,Diamond,,,,not_inferable_from_name_without_web,,,True,Web lookup unavailable in this ChatGPT session; blank inferred_year requires external verification.
racket-00241,Siux Diablo Fucsia 3.0,siux,padelful,1,Tear,,,,not_inferable_from_name_without_web,,,True,Web lookup unavailable in this ChatGPT session; blank inferred_year requires external verification.
racket-00242,Siux Diablo Grafeno Azul,siux,padelful,1,Diamond,,,,not_inferable_from_name_without_web,,,True,Web lookup unavailable in this ChatGPT session; blank inferred_year requires external verification.
racket-00243,Siux Diablo Granph,siux,padelful,1,Diamond,,,,not_inferable_from_name_without_web,,,True,Web lookup unavailable in this ChatGPT session; blank inferred_year requires external verification.
racket-00244,Siux Diablo Luxury 1K,siux,padelful,1,Diamond,,,,not_inferable_from_name_without_web,,,True,Web lookup unavailable in this ChatGPT session; blank inferred_year requires external verification.
racket-00245,Siux Diablo Mate,siux,padelful,1,Diamond,,,,not_inferable_from_name_without_web,,,True,Web lookup unavailable in this ChatGPT session; blank inferred_year requires external verification.
racket-00246,Siux Diablo Revolution 12K,siux,padelful,1,Diamond,,,,not_inferable_from_name_without_web,,,True,Web lookup unavailable in this ChatGPT session; blank inferred_year requires external verification.
racket-00247,Siux Diablo Revolution 24K,siux,padelful,1,Diamond,,,,not_inferable_from_name_without_web,,,True,Web lookup unavailable in this ChatGPT session; blank inferred_year requires external verification.
racket-00248,Siux Diablo Revolution 3K,siux,padelful,1,Diamond,,,,not_inferable_from_name_without_web,,,True,Web lookup unavailable in this ChatGPT session; blank inferred_year requires external verification.
racket-00249,Siux Diablo Revolution Fucsia,siux,padelful,1,Diamond,,,,not_inferable_from_name_without_web,,,True,Web lookup unavailable in this ChatGPT session; blank inferred_year requires external verification.
racket-00250,Siux Diablo Revolution Lite 3,siux,padelful,1,Tear,,,,not_inferable_from_name_without_web,,,True,Web lookup unavailable in this ChatGPT session; blank inferred_year requires external verification.
racket-00251,Siux Diablo Revolution Sanyo Pro 3,siux,padelful,1,Diamond,,,,not_inferable_from_name_without_web,,,True,Web lookup unavailable in this ChatGPT session; blank inferred_year requires external verification.
racket-00252,Siux Electra ST1 Stupa,siux,padelful,1,Diamond,,,,not_inferable_from_name_without_web,,,True,Web lookup unavailable in this ChatGPT session; blank inferred_year requires external verification.
racket-00253,Siux Electra ST2 Hybrid,siux,padelful,1,Tear,,,,not_inferable_from_name_without_web,,,True,Web lookup unavailable in this ChatGPT session; blank inferred_year requires external verification.
racket-00254,Siux Electra ST2 Stupa Pro,siux,padelful,1,Diamond,,,,not_inferable_from_name_without_web,,,True,Web lookup unavailable in this ChatGPT session; blank inferred_year requires external verification.
racket-00255,Siux Empire,siux,padelful,1,Tear,,,,not_inferable_from_name_without_web,,,True,Web lookup unavailable in this ChatGPT session; blank inferred_year requires external verification.
racket-00256,Siux Fenix 12K,siux,padelful,1,Tear,,,,not_inferable_from_name_without_web,,,True,Web lookup unavailable in this ChatGPT session; blank inferred_year requires external verification.
racket-00257,Siux Fenix Go 4,siux,padelful,1,Diamond,,,,not_inferable_from_name_without_web,,,True,Web lookup unavailable in this ChatGPT session; blank inferred_year requires external verification.
racket-00258,Siux Fenix II 3K,siux,padelful,1,Tear,,,,not_inferable_from_name_without_web,,,True,Web lookup unavailable in this ChatGPT session; blank inferred_year requires external verification.
racket-00259,Siux Fenix Lite 4,siux,padelful,1,Diamond,,,,not_inferable_from_name_without_web,,,True,Web lookup unavailable in this ChatGPT session; blank inferred_year requires external verification.
racket-00260,Siux Fenix Pro 4,siux,padelful,1,Diamond,,,,not_inferable_from_name_without_web,,,True,Web lookup unavailable in this ChatGPT session; blank inferred_year requires external verification.
racket-00261,Siux Force Pro,siux,padelful,1,Diamond,,,,not_inferable_from_name_without_web,,,True,Web lookup unavailable in this ChatGPT session; blank inferred_year requires external verification.
racket-00262,Siux Fusion III,siux,padelful,1,Tear,,,,not_inferable_from_name_without_web,,,True,Web lookup unavailable in this ChatGPT session; blank inferred_year requires external verification.
racket-00263,Siux Genesis Hybrid 12K,siux,padelful,1,Tear,,,,not_inferable_from_name_without_web,,,True,Web lookup unavailable in this ChatGPT session; blank inferred_year requires external verification.
racket-00264,Siux Genesis Hybrid Black,siux,padelful,1,Tear,,,,not_inferable_from_name_without_web,,,True,Web lookup unavailable in this ChatGPT session; blank inferred_year requires external verification.
racket-00265,Siux Genesis II Lucho Capra Pro,siux,padelful,1,Tear,,,,not_inferable_from_name_without_web,,,True,Web lookup unavailable in this ChatGPT session; blank inferred_year requires external verification.
racket-00266,Siux Genesis Power 12K,siux,padelful,1,Diamond,,,,not_inferable_from_name_without_web,,,True,Web lookup unavailable in this ChatGPT session; blank inferred_year requires external verification.
racket-00267,Siux Inspire 4.0,siux,padelful,1,Round,,,,not_inferable_from_name_without_web,,,True,Web lookup unavailable in this ChatGPT session; blank inferred_year requires external verification.
racket-00268,Siux Optimus Pro 4.0,siux,padelful,1,Tear,,,,not_inferable_from_name_without_web,,,True,Web lookup unavailable in this ChatGPT session; blank inferred_year requires external verification.
racket-00269,Siux Optimus Pro 4.0 Woman,siux,padelful,1,Round,,,,not_inferable_from_name_without_web,,,True,Web lookup unavailable in this ChatGPT session; blank inferred_year requires external verification.
racket-00270,Siux Pegasus 1K Limited Edition,siux,padelful,1,Diamond,,,,not_inferable_from_name_without_web,,,True,Web lookup unavailable in this ChatGPT session; blank inferred_year requires external verification.
racket-00271,Siux Pegasus Grafeno 1K,siux,padelful,1,Diamond,,,,not_inferable_from_name_without_web,,,True,Web lookup unavailable in this ChatGPT session; blank inferred_year requires external verification.
racket-00272,Siux Pegasus Grafeno 1K Lady,siux,padelful,1,Round,,,,not_inferable_from_name_without_web,,,True,Web lookup unavailable in this ChatGPT session; blank inferred_year requires external verification.
racket-00273,Siux Pegasus Grafeno Silver,siux,padelful,1,Diamond,,,,not_inferable_from_name_without_web,,,True,Web lookup unavailable in this ChatGPT session; blank inferred_year requires external verification.
racket-00274,Siux Pegasus Luxury,siux,padelful,1,Diamond,,,,not_inferable_from_name_without_web,,,True,Web lookup unavailable in this ChatGPT session; blank inferred_year requires external verification.
racket-00275,Siux Pegasus Oro,siux,padelful,1,Diamond,,,,not_inferable_from_name_without_web,,,True,Web lookup unavailable in this ChatGPT session; blank inferred_year requires external verification.
racket-00276,Siux Pegasus Revolution 12K,siux,padelful,1,Diamond,,,,not_inferable_from_name_without_web,,,True,Web lookup unavailable in this ChatGPT session; blank inferred_year requires external verification.
racket-00277,Siux Pegasus Revolution Cube,siux,padelful,1,Diamond,,,,not_inferable_from_name_without_web,,,True,Web lookup unavailable in this ChatGPT session; blank inferred_year requires external verification.
racket-00278,Siux Platinum 24K,siux,padelful,1,Diamond,,,,not_inferable_from_name_without_web,,,True,Web lookup unavailable in this ChatGPT session; blank inferred_year requires external verification.
racket-00279,Siux Platinum Revolution,siux,padelful,1,Tear,,,,not_inferable_from_name_without_web,,,True,Web lookup unavailable in this ChatGPT session; blank inferred_year requires external verification.
racket-00280,Siux Quantum 2,siux,padelful,1,Diamond,,,,not_inferable_from_name_without_web,,,True,Web lookup unavailable in this ChatGPT session; blank inferred_year requires external verification.
racket-00281,Siux Radical Pro IV,siux,padelful,1,Tear,,,,not_inferable_from_name_without_web,,,True,Web lookup unavailable in this ChatGPT session; blank inferred_year requires external verification.
racket-00282,Siux Raven 18K Control,siux,padelful,1,Round,,,,not_inferable_from_name_without_web,,,True,Web lookup unavailable in this ChatGPT session; blank inferred_year requires external verification.
racket-00283,Siux Raven 18K Hybrid,siux,padelful,1,Tear,,,,not_inferable_from_name_without_web,,,True,Web lookup unavailable in this ChatGPT session; blank inferred_year requires external verification.
racket-00284,Siux Raven 3K Control,siux,padelful,1,Round,,,,not_inferable_from_name_without_web,,,True,Web lookup unavailable in this ChatGPT session; blank inferred_year requires external verification.
racket-00285,Siux Raven 3K Hybrid,siux,padelful,1,Tear,,,,not_inferable_from_name_without_web,,,True,Web lookup unavailable in this ChatGPT session; blank inferred_year requires external verification.
racket-00286,Siux SG Black Limited Edition,siux,padelful,1,Tear,,,,not_inferable_from_name_without_web,,,True,Web lookup unavailable in this ChatGPT session; blank inferred_year requires external verification.
racket-00287,Siux Silver Force,siux,padelful,1,Tear,,,,not_inferable_from_name_without_web,,,True,Web lookup unavailable in this ChatGPT session; blank inferred_year requires external verification.
racket-00288,Siux Snake,siux,padelful,1,Tear,,,,not_inferable_from_name_without_web,,,True,Web lookup unavailable in this ChatGPT session; blank inferred_year requires external verification.
racket-00289,Siux Snake Woman,siux,padelful,1,Tear,,,,not_inferable_from_name_without_web,,,True,Web lookup unavailable in this ChatGPT session; blank inferred_year requires external verification.
racket-00290,Siux Spartan Luxury,siux,padelful,1,Diamond,,,,not_inferable_from_name_without_web,,,True,Web lookup unavailable in this ChatGPT session; blank inferred_year requires external verification.
racket-00291,Siux Spartan Revolution,siux,padelful,1,Diamond,,,,not_inferable_from_name_without_web,,,True,Web lookup unavailable in this ChatGPT session; blank inferred_year requires external verification.
racket-00292,Siux Spartan Revolution 2,siux,padelful,1,Diamond,,,,not_inferable_from_name_without_web,,,True,Web lookup unavailable in this ChatGPT session; blank inferred_year requires external verification.
racket-00293,Siux Spyder Lite 3,siux,padelful,1,Tear,,,,not_inferable_from_name_without_web,,,True,Web lookup unavailable in this ChatGPT session; blank inferred_year requires external verification.
racket-00294,Siux Spyder Lite CTRL 3,siux,padelful,1,Round,,,,not_inferable_from_name_without_web,,,True,Web lookup unavailable in this ChatGPT session; blank inferred_year requires external verification.
racket-00295,Siux Spyder Luxury Grafeno,siux,padelful,1,Diamond,,,,not_inferable_from_name_without_web,,,True,Web lookup unavailable in this ChatGPT session; blank inferred_year requires external verification.
racket-00296,Siux Spyder Revolution,siux,padelful,1,Diamond,,,,not_inferable_from_name_without_web,,,True,Web lookup unavailable in this ChatGPT session; blank inferred_year requires external verification.
racket-00297,Siux Spyder Revolution 2 Attack,siux,padelful,1,Diamond,,,,not_inferable_from_name_without_web,,,True,Web lookup unavailable in this ChatGPT session; blank inferred_year requires external verification.
racket-00298,Siux Spyder Revolution 2 Control,siux,padelful,1,Round,,,,not_inferable_from_name_without_web,,,True,Web lookup unavailable in this ChatGPT session; blank inferred_year requires external verification.
racket-00299,Siux Subzero 2.0,siux,padelful,1,Diamond,,,,not_inferable_from_name_without_web,,,True,Web lookup unavailable in this ChatGPT session; blank inferred_year requires external verification.
racket-00300,Siux Subzero 2.0 Brillo,siux,padelful,1,Diamond,,,,not_inferable_from_name_without_web,,,True,Web lookup unavailable in this ChatGPT session; blank inferred_year requires external verification.
racket-00301,Siux SX6,siux,padelful,1,Diamond,,,,not_inferable_from_name_without_web,,,True,Web lookup unavailable in this ChatGPT session; blank inferred_year requires external verification.
racket-00302,Siux SX6 Woman,siux,padelful,1,Round,,,,not_inferable_from_name_without_web,,,True,Web lookup unavailable in this ChatGPT session; blank inferred_year requires external verification.
racket-00303,Siux Titania 2,siux,padelful,1,Round,,,,not_inferable_from_name_without_web,,,True,Web lookup unavailable in this ChatGPT session; blank inferred_year requires external verification.
racket-00304,Siux Trilogy 3 Attack,siux,padelful,1,Diamond,,,,not_inferable_from_name_without_web,,,True,Web lookup unavailable in this ChatGPT session; blank inferred_year requires external verification.
racket-00305,Siux Trilogy 3 Hybrid,siux,padelful,1,Tear,,,,not_inferable_from_name_without_web,,,True,Web lookup unavailable in this ChatGPT session; blank inferred_year requires external verification.
racket-00306,Siux Trilogy Control Especial Edition,siux,padelful,1,Round,,,,not_inferable_from_name_without_web,,,True,Web lookup unavailable in this ChatGPT session; blank inferred_year requires external verification.
racket-00307,Siux Trilogy Hybrid Black,siux,padelful,1,Tear,,,,not_inferable_from_name_without_web,,,True,Web lookup unavailable in this ChatGPT session; blank inferred_year requires external verification.
racket-00308,Siux Trilogy II Control 24K Patty Llaguno,siux,padelful,1,Round,,,,not_inferable_from_name_without_web,,,True,Web lookup unavailable in this ChatGPT session; blank inferred_year requires external verification.
racket-00309,Siux Tsunami 5.0 12K,siux,padelful,1,Diamond,,,,not_inferable_from_name_without_web,,,True,Web lookup unavailable in this ChatGPT session; blank inferred_year requires external verification.
racket-00310,Siux Tsunami 5.0 24K,siux,padelful,1,Diamond,,,,not_inferable_from_name_without_web,,,True,Web lookup unavailable in this ChatGPT session; blank inferred_year requires external verification.
racket-00311,Siux Tsunami 5.0 3K,siux,padelful,1,Diamond,,,,not_inferable_from_name_without_web,,,True,Web lookup unavailable in this ChatGPT session; blank inferred_year requires external verification.
racket-00312,Siux Viking IV,siux,padelful,1,Diamond,,,,not_inferable_from_name_without_web,,,True,Web lookup unavailable in this ChatGPT session; blank inferred_year requires external verification.
racket-00313,Softee Ranger Coral,softee,padelful,1,Diamond,,,,not_inferable_from_name_without_web,,,True,Web lookup unavailable in this ChatGPT session; blank inferred_year requires external verification.
racket-00314,Softee Ranger Green,softee,padelful,1,Diamond,,,,not_inferable_from_name_without_web,,,True,Web lookup unavailable in this ChatGPT session; blank inferred_year requires external verification.
racket-00315,Softee Swat Red,softee,padelful,1,Tear,,,,not_inferable_from_name_without_web,,,True,Web lookup unavailable in this ChatGPT session; blank inferred_year requires external verification.
racket-00316,Softee Swat Sky,softee,padelful,1,Tear,,,,not_inferable_from_name_without_web,,,True,Web lookup unavailable in this ChatGPT session; blank inferred_year requires external verification.
racket-00317,Vibora Black Mamba Advanced,vibora,padelful,1,Diamond,,,,not_inferable_from_name_without_web,,,True,Web lookup unavailable in this ChatGPT session; blank inferred_year requires external verification.
racket-00318,Vibora Black Mamba Black Series 1K,vibora,padelful,1,Diamond,,,,not_inferable_from_name_without_web,,,True,Web lookup unavailable in this ChatGPT session; blank inferred_year requires external verification.
racket-00319,Vibora Black Mamba Classic Edition,vibora,padelful,1,Diamond,,,,not_inferable_from_name_without_web,,,True,Web lookup unavailable in this ChatGPT session; blank inferred_year requires external verification.
racket-00320,Vibora King Cobra Black 1K,vibora,padelful,1,Diamond,,,,not_inferable_from_name_without_web,,,True,Web lookup unavailable in this ChatGPT session; blank inferred_year requires external verification.
racket-00321,Vibora Lethal Advanced,vibora,padelful,1,Diamond,,,,not_inferable_from_name_without_web,,,True,Web lookup unavailable in this ChatGPT session; blank inferred_year requires external verification.
racket-00322,Vibora Lethal Attack,vibora,padelful,1,Diamond,,,,not_inferable_from_name_without_web,,,True,Web lookup unavailable in this ChatGPT session; blank inferred_year requires external verification.
racket-00323,Vibora Lethal Hybrid,vibora,padelful,1,Tear,,,,not_inferable_from_name_without_web,,,True,Web lookup unavailable in this ChatGPT session; blank inferred_year requires external verification.
racket-00324,Vibora Naya Classic Edition,vibora,padelful,1,Round,,,,not_inferable_from_name_without_web,,,True,Web lookup unavailable in this ChatGPT session; blank inferred_year requires external verification.
racket-00325,Vibora Yarara Advanced,vibora,padelful,1,Tear,,,,not_inferable_from_name_without_web,,,True,Web lookup unavailable in this ChatGPT session; blank inferred_year requires external verification.
racket-00326,Vibora Yarara Edition Black Series 1K,vibora,padelful,1,Diamond,,,,not_inferable_from_name_without_web,,,True,Web lookup unavailable in this ChatGPT session; blank inferred_year requires external verification.
racket-00327,Wilson Bela Elite,wilson,padelful,1,Diamond,,,,not_inferable_from_name_without_web,,,True,Web lookup unavailable in this ChatGPT session; blank inferred_year requires external verification.
racket-00328,Wilson Bela Elite V2,wilson,padelful,1,Diamond,,,,not_inferable_from_name_without_web,,,True,Web lookup unavailable in this ChatGPT session; blank inferred_year requires external verification.
racket-00329,Wilson Bela Junior,wilson,padelful,1,Diamond,,,,not_inferable_from_name_without_web,,,True,Web lookup unavailable in this ChatGPT session; blank inferred_year requires external verification.
racket-00330,Wilson Bela LT,wilson,padelful,1,Diamond,,,,not_inferable_from_name_without_web,,,True,Web lookup unavailable in this ChatGPT session; blank inferred_year requires external verification.
racket-00331,Wilson Bela LT Rosa,wilson,padelful,1,Diamond,,,,not_inferable_from_name_without_web,,,True,Web lookup unavailable in this ChatGPT session; blank inferred_year requires external verification.
racket-00332,Wilson Bela LT V2,wilson,padelful,1,Diamond,,,,not_inferable_from_name_without_web,,,True,Web lookup unavailable in this ChatGPT session; blank inferred_year requires external verification.
racket-00333,Wilson Bela Pro,wilson,padelful,1,Diamond,,,,not_inferable_from_name_without_web,,,True,Web lookup unavailable in this ChatGPT session; blank inferred_year requires external verification.
racket-00334,Wilson Bela Team,wilson,padelful,1,Diamond,,,,not_inferable_from_name_without_web,,,True,Web lookup unavailable in this ChatGPT session; blank inferred_year requires external verification.
racket-00335,Wilson Bela Team V2,wilson,padelful,1,Diamond,,,,not_inferable_from_name_without_web,,,True,Web lookup unavailable in this ChatGPT session; blank inferred_year requires external verification.
racket-00336,Wilson Blade Elite V2,wilson,padelful,1,Tear,,,,not_inferable_from_name_without_web,,,True,Web lookup unavailable in this ChatGPT session; blank inferred_year requires external verification.
racket-00337,Wilson Blade Junior Cara Minion,wilson,padelful,1,Round,,,,not_inferable_from_name_without_web,,,True,Web lookup unavailable in this ChatGPT session; blank inferred_year requires external verification.
racket-00338,Wilson Blade Junior Ojos Minion,wilson,padelful,1,Round,,,,not_inferable_from_name_without_web,,,True,Web lookup unavailable in this ChatGPT session; blank inferred_year requires external verification.
racket-00339,Wilson Blade LT V2,wilson,padelful,1,Tear,,,,not_inferable_from_name_without_web,,,True,Web lookup unavailable in this ChatGPT session; blank inferred_year requires external verification.
racket-00340,Wilson Blade Pro V2 Black Neon Green,wilson,padelful,1,Tear,,,,not_inferable_from_name_without_web,,,True,Web lookup unavailable in this ChatGPT session; blank inferred_year requires external verification.
racket-00341,Wilson Blade Pro V2 Oro,wilson,padelful,1,Tear,,,,not_inferable_from_name_without_web,,,True,Web lookup unavailable in this ChatGPT session; blank inferred_year requires external verification.
racket-00342,Wilson Blade Pro V3,wilson,padelful,1,Tear,,,,not_inferable_from_name_without_web,,,True,Web lookup unavailable in this ChatGPT session; blank inferred_year requires external verification.
racket-00343,Wilson Blade Team V2 Negro Verde Neon,wilson,padelful,1,Tear,,,,not_inferable_from_name_without_web,,,True,Web lookup unavailable in this ChatGPT session; blank inferred_year requires external verification.
racket-00344,Wilson Blade Team V2 Verde,wilson,padelful,1,Tear,,,,not_inferable_from_name_without_web,,,True,Web lookup unavailable in this ChatGPT session; blank inferred_year requires external verification.
racket-00345,Wilson Brito Blade Elite Amarillo Negro,wilson,padelful,1,Tear,,,,not_inferable_from_name_without_web,,,True,Web lookup unavailable in this ChatGPT session; blank inferred_year requires external verification.
racket-00346,Wilson Brito Blade Elite Multicolor,wilson,padelful,1,Tear,,,,not_inferable_from_name_without_web,,,True,Web lookup unavailable in this ChatGPT session; blank inferred_year requires external verification.
racket-00347,Wilson Brito Blade Team,wilson,padelful,1,Tear,,,,not_inferable_from_name_without_web,,,True,Web lookup unavailable in this ChatGPT session; blank inferred_year requires external verification.
racket-00348,Wilson Cupra,wilson,padelful,1,Diamond,,,,not_inferable_from_name_without_web,,,True,Web lookup unavailable in this ChatGPT session; blank inferred_year requires external verification.
racket-00349,Wilson Cupra LT V2,wilson,padelful,1,Diamond,,,,not_inferable_from_name_without_web,,,True,Web lookup unavailable in this ChatGPT session; blank inferred_year requires external verification.
racket-00350,Wilson Junior Minons 2.0,wilson,padelful,1,Round,,,,not_inferable_from_name_without_web,,,True,Web lookup unavailable in this ChatGPT session; blank inferred_year requires external verification.
racket-00351,Wilson Klopp Elite,wilson,padelful,1,Tear,,,,not_inferable_from_name_without_web,,,True,Web lookup unavailable in this ChatGPT session; blank inferred_year requires external verification.
racket-00352,Wilson Pro Staff Elite,wilson,padelful,1,Round,,,,not_inferable_from_name_without_web,,,True,Web lookup unavailable in this ChatGPT session; blank inferred_year requires external verification.
racket-00353,Wilson Pro Staff Elite V2,wilson,padelful,1,Round,,,,not_inferable_from_name_without_web,,,True,Web lookup unavailable in this ChatGPT session; blank inferred_year requires external verification.
racket-00354,Wilson Pro Staff LT V2,wilson,padelful,1,Round,,,,not_inferable_from_name_without_web,,,True,Web lookup unavailable in this ChatGPT session; blank inferred_year requires external verification.
racket-00355,Wilson Pro Staff Team,wilson,padelful,1,Round,,,,not_inferable_from_name_without_web,,,True,Web lookup unavailable in this ChatGPT session; blank inferred_year requires external verification.
racket-00356,Wilson Pro Staff Team V2 Gris,wilson,padelful,1,Round,,,,not_inferable_from_name_without_web,,,True,Web lookup unavailable in this ChatGPT session; blank inferred_year requires external verification.
racket-00357,Wilson Pro Staff Team V2 Negra,wilson,padelful,1,Round,,,,not_inferable_from_name_without_web,,,True,Web lookup unavailable in this ChatGPT session; blank inferred_year requires external verification.
racket-00358,Wilson Pro Staff Tour V2,wilson,padelful,1,Round,,,,not_inferable_from_name_without_web,,,True,Web lookup unavailable in this ChatGPT session; blank inferred_year requires external verification.
racket-00359,Wilson Pro Staff V2 Azul,wilson,padelful,1,Round,,,,not_inferable_from_name_without_web,,,True,Web lookup unavailable in this ChatGPT session; blank inferred_year requires external verification.
racket-00360,Wilson Pro Staff V2 Black Ray,wilson,padelful,1,Round,,,,not_inferable_from_name_without_web,,,True,Web lookup unavailable in this ChatGPT session; blank inferred_year requires external verification.
racket-00361,Wilson Ultra Elite V2,wilson,padelful,1,Tear,,,,not_inferable_from_name_without_web,,,True,Web lookup unavailable in this ChatGPT session; blank inferred_year requires external verification.
racket-00362,Wilson Ultra LT V2,wilson,padelful,1,Tear,,,,not_inferable_from_name_without_web,,,True,Web lookup unavailable in this ChatGPT session; blank inferred_year requires external verification.
racket-00363,Wilson Ultra Pro V2,wilson,padelful,1,Diamond,,,,not_inferable_from_name_without_web,,,True,Web lookup unavailable in this ChatGPT session; blank inferred_year requires external verification.
racket-00364,Wilson Ultra Team V2 Black Bright Blue,wilson,padelful,1,Tear,,,,not_inferable_from_name_without_web,,,True,Web lookup unavailable in this ChatGPT session; blank inferred_year requires external verification.
racket-00365,WLSRW PR81000,wlsrw,padelful,1,Diamond,,,,not_inferable_from_name_without_web,,,True,Web lookup unavailable in this ChatGPT session; blank inferred_year requires external verification.
racket-00567,Adidas Arrow Hit Junior Blue,adidas,extreme-tennis,1,Round,,,Advanced,,not_inferable_from_name_without_web,,,True,Web lookup unavailable in this ChatGPT session; blank inferred_year requires external verification.
racket-00568,Adidas France WC2026,adidas,extreme-tennis,1,Round,,,Advanced,,2026,explicit_4_digit_year_in_name,2026,high,False,Inferred from product-name pattern only; verify against official/source page before importing.
racket-00570,Babolat Alioth mini JR,babolat,extreme-tennis,1,Round,,,,not_inferable_from_name_without_web,,,True,Web lookup unavailable in this ChatGPT session; blank inferred_year requires external verification.
racket-00571,BABOLAT Technical Viper Soft 3.0,babolat,extreme-tennis,1,Diamond,,,Advanced,,not_inferable_from_name_without_web,,,True,Web lookup unavailable in this ChatGPT session; blank inferred_year requires external verification.
racket-00575,Babolat x Lamborghini BL002 Black,babolat,extreme-tennis,1,Tear,,,Professional,,not_inferable_from_name_without_web,,,True,Web lookup unavailable in this ChatGPT session; blank inferred_year requires external verification.
racket-00576,Babolat x Lamborghini BL002 Scandal green,babolat,extreme-tennis,1,Tear,,,Professional,,not_inferable_from_name_without_web,,,True,Web lookup unavailable in this ChatGPT session; blank inferred_year requires external verification.
racket-00577,Babolat x Lamborghini BL003 White,babolat,extreme-tennis,1,Diamond,,,Professional,,not_inferable_from_name_without_web,,,True,Web lookup unavailable in this ChatGPT session; blank inferred_year requires external verification.
racket-00586,Bullpadel Vertex 03 Light X-Series,bullpadel,extreme-tennis,1,Diamond,,,Advanced,,not_inferable_from_name_without_web,,,True,Web lookup unavailable in this ChatGPT session; blank inferred_year requires external verification.
racket-00588,Bullpadel Vertex 05 Geo PP26,bullpadel,extreme-tennis,1,Diamond,,,Professional,,2026,ppYY_code_in_name,PP26,medium,False,Inferred from product-name pattern only; verify against official/source page before importing.
racket-00591,Cork Classic II,cork,extreme-tennis,1,Diamond,,,Professional,,not_inferable_from_name_without_web,,,True,Web lookup unavailable in this ChatGPT session; blank inferred_year requires external verification.
racket-00592,CORK Extreme Black II,cork,extreme-tennis,1,Diamond,,,Professional,,not_inferable_from_name_without_web,,,True,Web lookup unavailable in this ChatGPT session; blank inferred_year requires external verification.
racket-00593,CORK Extreme Deus II,cork,extreme-tennis,1,Diamond,,,Professional,,not_inferable_from_name_without_web,,,True,Web lookup unavailable in this ChatGPT session; blank inferred_year requires external verification.
racket-00594,Cork Kids II Blue,cork,extreme-tennis,1,Round,,,Junior,,not_inferable_from_name_without_web,,,True,Web lookup unavailable in this ChatGPT session; blank inferred_year requires external verification.
racket-00595,Cork Premium Control III,cork,extreme-tennis,1,Round,,,Professional,,not_inferable_from_name_without_web,,,True,Web lookup unavailable in this ChatGPT session; blank inferred_year requires external verification.
racket-00596,Cork Premium Hybrid III,cork,extreme-tennis,1,Tear,,,Professional,,not_inferable_from_name_without_web,,,True,Web lookup unavailable in this ChatGPT session; blank inferred_year requires external verification.
racket-00597,Cork Premium Power III,cork,extreme-tennis,1,Diamond,,,Professional,,not_inferable_from_name_without_web,,,True,Web lookup unavailable in this ChatGPT session; blank inferred_year requires external verification.
racket-00598,Cork Supreme Control IV,cork,extreme-tennis,1,Round,,,Professional,,not_inferable_from_name_without_web,,,True,Web lookup unavailable in this ChatGPT session; blank inferred_year requires external verification.
racket-00599,Cork Supreme Power IV,cork,extreme-tennis,1,Diamond,,,Professional,,not_inferable_from_name_without_web,,,True,Web lookup unavailable in this ChatGPT session; blank inferred_year requires external verification.
racket-00606,DROP SHOT Explorer Pro Attack 2.0,dropshot,extreme-tennis,1,Diamond,,,Advanced,,not_inferable_from_name_without_web,,,True,Web lookup unavailable in this ChatGPT session; blank inferred_year requires external verification.
racket-00618,Joma Gold Pro Yellow Fluor,joma,extreme-tennis,1,Diamond,,,Professional,,not_inferable_from_name_without_web,,,True,Web lookup unavailable in this ChatGPT session; blank inferred_year requires external verification.
racket-00620,Joma Slam Pro 2.0 black and turquoise,joma,extreme-tennis,1,Diamond,,,Professional,,not_inferable_from_name_without_web,,,True,Web lookup unavailable in this ChatGPT session; blank inferred_year requires external verification.
racket-00621,Joma Tournament Pro 2.0,joma,extreme-tennis,1,Tear,,,Professional,,not_inferable_from_name_without_web,,,True,Web lookup unavailable in this ChatGPT session; blank inferred_year requires external verification.
racket-00622,Joma Tournament Red and Black,joma,extreme-tennis,1,Tear,,,Advanced,,not_inferable_from_name_without_web,,,True,Web lookup unavailable in this ChatGPT session; blank inferred_year requires external verification.
racket-00623,Padel racket Slam Pro light grey black,joma,extreme-tennis,1,Diamond,,,Professional,,not_inferable_from_name_without_web,,,True,Web lookup unavailable in this ChatGPT session; blank inferred_year requires external verification.
racket-00624,Padel racket Tournament Pro navy blue red,joma,extreme-tennis,1,Tear,,,Professional,,not_inferable_from_name_without_web,,,True,Web lookup unavailable in this ChatGPT session; blank inferred_year requires external verification.
racket-00627,NOX START – FR Exclusive,nox,extreme-tennis,1,Tear,,,Advanced,,not_inferable_from_name_without_web,,,True,Web lookup unavailable in this ChatGPT session; blank inferred_year requires external verification.
racket-00628,Osaka Deshi Control Iconic Black,osaka,extreme-tennis,1,Round,,,Intermediate,,not_inferable_from_name_without_web,,,True,Web lookup unavailable in this ChatGPT session; blank inferred_year requires external verification.
racket-00629,Osaka Pro Tour Power Aquatic Awe,osaka,extreme-tennis,1,Diamond,,,Advanced,,not_inferable_from_name_without_web,,,True,Web lookup unavailable in this ChatGPT session; blank inferred_year requires external verification.
racket-00630,Osaka Vision Control-Ionic Black,osaka,extreme-tennis,1,Round,,,Advanced,,not_inferable_from_name_without_web,,,True,Web lookup unavailable in this ChatGPT session; blank inferred_year requires external verification.
racket-00631,Osaka Vision Power Electric Blue,osaka,extreme-tennis,1,Diamond,,,Advanced,,not_inferable_from_name_without_web,,,True,Web lookup unavailable in this ChatGPT session; blank inferred_year requires external verification.
racket-00635,PALLAP Control Velocity Team Light 01,pallap,extreme-tennis,1,Tear,,,Intermediate,,not_inferable_from_name_without_web,,,True,Web lookup unavailable in this ChatGPT session; blank inferred_year requires external verification.
racket-00636,PALLAP Power Elite,pallap,extreme-tennis,1,Diamond,,,Professional,,not_inferable_from_name_without_web,,,True,Web lookup unavailable in this ChatGPT session; blank inferred_year requires external verification.
racket-00637,PALLAP Power Star,pallap,extreme-tennis,1,Tear,,,Intermediate,,not_inferable_from_name_without_web,,,True,Web lookup unavailable in this ChatGPT session; blank inferred_year requires external verification.
racket-00638,PALLAP Power Team,pallap,extreme-tennis,1,Diamond,,,Intermediate,,not_inferable_from_name_without_web,,,True,Web lookup unavailable in this ChatGPT session; blank inferred_year requires external verification.
racket-00639,PALLAP Velocity Pro,pallap,extreme-tennis,1,Tear,,,Professional,,not_inferable_from_name_without_web,,,True,Web lookup unavailable in this ChatGPT session; blank inferred_year requires external verification.
racket-00640,PALLAP Velocity Star,pallap,extreme-tennis,1,Tear,,,Intermediate,,not_inferable_from_name_without_web,,,True,Web lookup unavailable in this ChatGPT session; blank inferred_year requires external verification.
racket-00641,Royal Padel 4.0 OXIDE MÉXICO WPT,royal-padel,extreme-tennis,1,Diamond,,,Advanced,,not_inferable_from_name_without_web,,,True,Web lookup unavailable in this ChatGPT session; blank inferred_year requires external verification.
racket-00650,Slazenger Metal Series Epic Aurum,slazenger,extreme-tennis,1,Diamond,,,Professional,,not_inferable_from_name_without_web,,,True,Web lookup unavailable in this ChatGPT session; blank inferred_year requires external verification.
racket-00651,Slazenger Metal Series Epic copper,slazenger,extreme-tennis,1,Diamond,,,Professional,,not_inferable_from_name_without_web,,,True,Web lookup unavailable in this ChatGPT session; blank inferred_year requires external verification.
racket-00652,Slazenger Metal Series Icon Aurum,slazenger,extreme-tennis,1,Tear,,,Professional,,not_inferable_from_name_without_web,,,True,Web lookup unavailable in this ChatGPT session; blank inferred_year requires external verification.
racket-00654,TECNIFIBRE Bomba Lite,tecnifibre,extreme-tennis,1,Round,,,Intermediate,,not_inferable_from_name_without_web,,,True,Web lookup unavailable in this ChatGPT session; blank inferred_year requires external verification.
racket-00655,TECNIFIBRE Bomba Max,tecnifibre,extreme-tennis,1,Diamond,,,Professional,,not_inferable_from_name_without_web,,,True,Web lookup unavailable in this ChatGPT session; blank inferred_year requires external verification.
racket-00656,TECNIFIBRE Bomba Soft,tecnifibre,extreme-tennis,1,Round,,,Intermediate,,not_inferable_from_name_without_web,,,True,Web lookup unavailable in this ChatGPT session; blank inferred_year requires external verification.
racket-00657,TECNIFIBRE Bomba Speed,tecnifibre,extreme-tennis,1,Tear,,,Advanced,,not_inferable_from_name_without_web,,,True,Web lookup unavailable in this ChatGPT session; blank inferred_year requires external verification.
racket-00658,Tecnifibre WALL MASTER 360 PHD,tecnifibre,extreme-tennis,1,Round,,,Intermediate,,not_inferable_from_name_without_web,,,True,Web lookup unavailable in this ChatGPT session; blank inferred_year requires external verification.
racket-00659,Tecnifibre WALL MASTER 370,tecnifibre,extreme-tennis,1,Round,,,Advanced,,not_inferable_from_name_without_web,,,True,Web lookup unavailable in this ChatGPT session; blank inferred_year requires external verification.
racket-00661,Wilson Optix V1 Padel white,wilson,extreme-tennis,1,Diamond,,,Advanced,,not_inferable_from_name_without_web,,,True,Web lookup unavailable in this ChatGPT session; blank inferred_year requires external verification.
racket-00662,Wilson Optix V2 Lite White,wilson,extreme-tennis,1,Diamond,,,Advanced,,not_inferable_from_name_without_web,,,True,Web lookup unavailable in this ChatGPT session; blank inferred_year requires external verification.
racket-00663,Wilson Optix V2 Power Red,wilson,extreme-tennis,1,Diamond,,,Advanced,,not_inferable_from_name_without_web,,,True,Web lookup unavailable in this ChatGPT session; blank inferred_year requires external verification.
racket-00688,Puma Nova Elite Hybrid,puma,pala-hack,1,,,,,not_inferable_from_name_without_web,,,True,Web lookup unavailable in this ChatGPT session; blank inferred_year requires external verification.
racket-00689,Puma Nova Pro Hybrid,puma,pala-hack,1,,,,,not_inferable_from_name_without_web,,,True,Web lookup unavailable in this ChatGPT session; blank inferred_year requires external verification.
racket-00694,Black Crown Iconic Crown,black-crown,padelzoom,1,,,,,not_inferable_from_name_without_web,,,True,Web lookup unavailable in this ChatGPT session; blank inferred_year requires external verification.
racket-00696,Black Crown Piton 14,black-crown,padelzoom,1,,,,,not_inferable_from_name_without_web,,,True,Web lookup unavailable in this ChatGPT session; blank inferred_year requires external verification.
racket-00697,Bullpadel Discover PWR,bullpadel,padelzoom,1,,,,,not_inferable_from_name_without_web,,,True,Web lookup unavailable in this ChatGPT session; blank inferred_year requires external verification.
racket-00698,Head Calibre Orange,head,padelzoom,1,,,,,not_inferable_from_name_without_web,,,True,Web lookup unavailable in this ChatGPT session; blank inferred_year requires external verification.
racket-00699,Head Extreme One Richard Orlinski Green,head,padelzoom,1,,,,,not_inferable_from_name_without_web,,,True,Web lookup unavailable in this ChatGPT session; blank inferred_year requires external verification.
racket-00700,Head Extreme PWR,head,padelzoom,1,,,,,not_inferable_from_name_without_web,,,True,Web lookup unavailable in this ChatGPT session; blank inferred_year requires external verification.
racket-00701,Head One Ultralight White,head,padelzoom,1,,,,,not_inferable_from_name_without_web,,,True,Web lookup unavailable in this ChatGPT session; blank inferred_year requires external verification.
racket-00702,Head Radical Motion,head,padelzoom,1,,,,,not_inferable_from_name_without_web,,,True,Web lookup unavailable in this ChatGPT session; blank inferred_year requires external verification.
racket-00703,Head Radical Pro,head,padelzoom,1,,,,,not_inferable_from_name_without_web,,,True,Web lookup unavailable in this ChatGPT session; blank inferred_year requires external verification.
racket-00704,Pro Kennex Kinetic Black Ace,pro-kennex,padelzoom,1,,,,,not_inferable_from_name_without_web,,,True,Web lookup unavailable in this ChatGPT session; blank inferred_year requires external verification.
racket-00705,Pro Kennex Kinetic Focus Pro,pro-kennex,padelzoom,1,,,,,not_inferable_from_name_without_web,,,True,Web lookup unavailable in this ChatGPT session; blank inferred_year requires external verification.
racket-00706,Pro Kennex Kinetic Legend Pro,pro-kennex,padelzoom,1,,,,,not_inferable_from_name_without_web,,,True,Web lookup unavailable in this ChatGPT session; blank inferred_year requires external verification.
racket-00709,Siux Fenix Pro 5,siux,padelzoom,1,,,,,not_inferable_from_name_without_web,,,True,Web lookup unavailable in this ChatGPT session; blank inferred_year requires external verification.
racket-00710,Siux Valkyria Elite,siux,padelzoom,1,,,,,not_inferable_from_name_without_web,,,True,Web lookup unavailable in this ChatGPT session; blank inferred_year requires external verification.
racket-00711,Siux Valkyria Pro,siux,padelzoom,1,,,,,not_inferable_from_name_without_web,,,True,Web lookup unavailable in this ChatGPT session; blank inferred_year requires external verification.
